<?xml version="1.0" encoding="UTF-8"?>
<!DOCTYPE mapper 
PUBLIC "-//mybatis.org//DTD Mapper 3.0//EN" 
"http://mybatis.org/dtd/mybatis-3-mapper.dtd" >
<mapper namespace="testInformationMapper">
	<select id="selectListCount" resultType="_int">
		SELECT COUNT(*)
		FROM INFORMATION_TB
		WHERE INFORMATION_STATUS = 'Y'
	</select>
	
	<resultMap type="testInformation" id="tiResultSet">
		<result column="INFORMATION_NO" property="informationNo"/>
		<result column="USER_NO" property="userNo"/>
		<result column="USER_ID" property="userId"/>
		<result column="INFORMATION_CATEGORY" property="informationCategory"/>
		<result column="INFORMATION_TITLE" property="informationTitle"/>
		<result column="INFORMATION_CONTENT" property="informationContent"/>
		<result column="INFORMATION_DATE" property="informationDate"/>
		
		<result column="INFORMATION_VIEW" property="informationView"/>
	</resultMap>
	
	<select id="selectList" resultMap="siResultSet">
		SELECT INFORMATION_NO,
		       USER_NO,
               USER_ID,
		       INFORMATION_CATEGORY,
		       INFORMATION_TITLE,
		       INFORMATION_CONTENT,
		       INFORMATION_DATE,
		       INFORMATION_VIEW
		FROM INFORMATION_TB
        JOIN MEMBER M USING(USER_NO)
		WHERE INFORMATION_STATUS = 'Y'
		ORDER BY INFORMATION_DATE DESC
	</select>
	
<!-- 	<insert id="insertBoard" parameterType="board"> -->
<!-- 		INSERT INTO BOARD( -->
<!-- 						  BOARD_NO -->
<!-- 						 ,BOARD_TITLE -->
<!-- 						 ,BOARD_WRITER -->
<!-- 						 ,BOARD_CONTENT -->
<!-- 						 ,ORIGIN_NAME -->
<!-- 						 ,CHANGE_NAME -->
<!-- 						 ) -->
<!-- 		VALUES( -->
<!-- 				SEQ_BNO.NEXTVAL -->
<!-- 				,#{boardTitle} -->
<!-- 				,#{boardWriter} -->
<!-- 				,#{boardContent} -->
<!-- 				,#{originName} -->
<!-- 				,#{changeName} -->
<!-- 				) -->
<!-- 	</insert> -->
	
	<update id="increaseCount" parameterType="_int">
		UPDATE BOARD
		SET COUNT = COUNT + 1
		WHERE STATUS = 'Y'
		AND BOARD_NO = #{boardNo}
	</update>
	
<!-- 	<select id="selectBoard" resultMap="boardResultSet"> -->
<!-- 		SELECT BOARD_NO -->
<!-- 			  ,BOARD_TITLE -->
<!-- 			  ,BOARD_WRITER -->
<!-- 			  ,BOARD_CONTENT -->
<!-- 			  ,CREATE_DATE -->
<!-- 			  ,ORIGIN_NAME -->
<!-- 			  ,CHANGE_NAME -->
<!-- 		FROM BOARD -->
<!-- 		WHERE BOARD_NO = #{boardNo} -->
<!-- 	</select> -->
	
<!-- 	<update id="deleteBoard" parameterType="_int"> -->
<!-- 		UPDATE BOARD -->
<!-- 		SET STATUS='N' -->
<!-- 		WHERE BOARD_NO = #{boardNo} -->
<!-- 	</update> -->
	
<!-- 	<update id="updateBoard" parameterType="board"> -->
<!-- 		UPDATE BOARD -->
<!-- 		SET BOARD_TITLE = #{boardTitle} -->
<!-- 			,BOARD_CONTENT = #{boardContent} -->
<!-- 			,ORIGIN_NAME = #{originName} -->
<!-- 			,CHANGE_NAME = #{changeName} -->
<!-- 		WHERE BOARD_NO = #{boardNo} -->
<!-- 	</update> -->
	
<!-- 	<resultMap type="reply" id="replyResultSet"> -->
<!-- 		<result column="REPLY_WRITER" property="replyWriter"/> -->
<!-- 		<result column="REPLY_CONTENT" property="replyContent"/> -->
<!-- 		<result column="CREATE_DATE" property="createDate"/> -->
<!-- 	</resultMap> -->
	
	
<!-- 	<select id="selectReplyList" resultMap="replyResultSet" parameterType="_int"> -->
<!-- 		SELECT REPLY_WRITER, -->
<!-- 			   REPLY_CONTENT, -->
<!-- 			   TO_CHAR(CREATE_DATE,'YYYY-MM-DD') AS "CREATE_DATE" -->
<!-- 		FROM REPLY -->
<!-- 		WHERE REF_BNO = #{boardNo} -->
<!-- 		AND STATUS = 'Y' -->
<!-- 		ORDER BY CREATE_DATE DESC -->
<!-- 	</select> -->
	
<!-- 	<insert id="insertReply" parameterType="reply"> -->
<!-- 		INSERT INTO REPLY (REPLY_NO,REPLY_CONTENT,REF_BNO,REPLY_WRITER) -->
<!-- 		VALUES (SEQ_RNO.NEXTVAL,#{replyContent},#{refBoardNo},#{replyWriter}) -->
<!-- 	</insert> -->
	
<!-- 	<select id="selectTopList" resultMap="boardResultSet"> -->
<!-- 		SELECT ROWNUM,B.* -->
<!-- 		FROM -->
<!--     	(SELECT BOARD_NO -->
<!--     			,BOARD_TITLE -->
<!--     			,BOARD_WRITER -->
<!--     			,COUNT -->
<!--     			,CREATE_DATE -->
<!--     			,ORIGIN_NAME -->
<!--         FROM BOARD  -->
<!--         ORDER BY COUNT DESC) B  -->
<!--         WHERE ROWNUM BETWEEN 1 AND 5 -->
<!-- 	</select> -->
</mapper>