<?xml version="1.0" encoding="UTF-8"?>
<!DOCTYPE mapper PUBLIC "-//mybatis.org//DTD Mapper 3.0//EN" "http://mybatis.org/dtd/mybatis-3-mapper.dtd" >

<mapper namespace="studyGroupMapper">

	<select id="nameCheck" resultType="_int">
		SELECT COUNT(*)
		FROM STUDYGROUP
		WHERE SG_NAME = #{sgName}
	</select>

	<insert id="insertStudyGroup" parameterType="studyGroup">
		INSERT INTO
		STUDYGROUP
		(
		SG_NO,
		SG_NAME,
		SG_GOAL,
		SG_CONTENT,
		SG_OWNER_NICK,
		SG_MEMBER_NICK,
		SG_MAX,
		SG_CATEGORY,
		SG_LOCATION
		)
		VALUES
		(
		SEQ_SG_NO.NEXTVAL,
		#{sgName},
		#{sgGoal},
		#{sgContent},
		#{sgOwnerNick},
		#{sgOwnerNick},
		#{sgMax},
		#{sgCategory},
		#{sgLocation}
		)
	</insert>

	<!-- 구대영 추가 -->
	<select id="studyGroupDetail" resultType="studyGroup">
		SELECT *
		FROM STUDYGROUP
		WHERE SG_NO = #{sgNo}
		<!-- AND SG_STATUS = 'Y' -->
	</select>

	<select id="selectListCount" resultType="_int">
		SELECT COUNT(*)
		FROM
		STUDYGROUP
		WHERE SG_STATUS = 'Y'
	</select>

	<select id="studyGroupList" resultType="studyGroup">
		SELECT *
		FROM STUDYGROUP
		WHERE SG_STATUS = 'Y'
		ORDER BY SG_ENROLLDATE DESC
	</select>

	<update id="addNickToStudyGroup">
		UPDATE STUDYGROUP
		SET SG_MEMBER_NICK = SG_MEMBER_NICK||','||
		(SELECT SG_APPLY_NICK
		FROM STUDYGROUPAPPLY
		WHERE SG_APPLY_NO IN 
		<foreach collection="arr" item="item" index="index"
			separator="," open="(" close=")">
			#{item}
		</foreach>
		)
		WHERE SG_NO = #{sgNo}
	</update>

</mapper>