<?xml version="1.0" encoding="UTF-8"?>
<beans xmlns="http://www.springframework.org/schema/beans"
	xmlns:xsi="http://www.w3.org/2001/XMLSchema-instance"
	xmlns:context="http://www.springframework.org/schema/context"
	xsi:schemaLocation="http://www.springframework.org/schema/beans https://www.springframework.org/schema/beans/spring-beans.xsd
					   http://www.springframework.org/schema/context http://www.springframework.org/schema/context/spring-context-4.3.xsd">
	
	<!-- DB 연결 -->
	<context:property-placeholder location="/config/*.properties" />
	<bean class="org.apache.commons.dbcp.BasicDataSource" id="dataSource" destroy-method="close">	 	
	    <property name="driverClassName" value="${spring.datasource.driverClassName}"/>
 	    <property name="url" value="${spring.datasource.url}"/>
 	    <property name="username" value="${spring.datasource.username}"/>
 	    <property name="password" value="${spring.datasource.password}"/>
	</bean>
	
	<bean class="org.mybatis.spring.SqlSessionFactoryBean" id="sqlSessionFactory">
	 	<property name="configLocation" value="classpath:mybatis-config.xml"/>	 	
	 	<property name="dataSource" ref="dataSource"/>	 	
	</bean>
	
	<bean class="org.mybatis.spring.SqlSessionTemplate" id="sqlSession">
	 	<constructor-arg ref="sqlSessionFactory"></constructor-arg>
	</bean>
	
	<!-- 파일 업로드 -->
	<bean class="org.springframework.web.multipart.commons.CommonsMultipartResolver" id="multipartResolver">	 		
	 		<property name="defaultEncoding" value="UTF-8"/>
	 		<property name="maxUploadSize" value="10000000"/>
	 		<property name="maxInMemorySize" value="10000000"/>
	 </bean>
		
</beans>
